연관 검색어,PC 월간 검색수,PC 월평균 클릭수,PC 월평균 클릭률,모바일 월간 검색수,모바일 월평균 클릭수,모바일 월평균 클릭율,월평균 노출 광고수,경쟁 정도
도면,5060,3.9,0.08,3650,4.7,0.14,15,높음
아파트도면,1770,6.8,0.4,2300,20.0,0.94,15,높음
무료캐드,2170,30.7,1.47,750,41.3,5.71,15,높음
집도면,650,0.7,0.11,1100,0.7,0.07,9,중간
아파트평면도,2080,5.6,0.29,2550,0.7,0.03,15,높음
평면도,5850,4.2,0.08,5120,0.7,0.02,15,높음
A1출력,150,1.6,1.06,120,6.7,5.56,15,높음
일러스트제작,250,6.9,2.87,430,14.7,3.56,15,높음
전산응용기계제도기능사,4510,6.9,0.16,6200,30.0,0.51,15,높음
A2출력,110,2.4,2.13,110,11.3,10.22,15,높음
타이핑알바,1820,33.1,1.88,3260,89.9,2.9,15,높음
캐드도면출력,280,0.4,0.15,150,1.7,1.17,15,높음
일러스트,28600,177.1,0.65,48000,331.5,0.74,15,높음
투시도,2050,11.6,0.58,1670,18.3,1.15,15,높음
오토캐드뷰어,6680,33.1,0.51,500,0.3,0.07,11,중간
조감도,4680,27.7,0.61,5070,39.5,0.83,15,높음
일러스트의뢰,130,6.7,5.17,220,20.0,9.14,15,높음
건축설계도면,550,4.0,0.74,1110,1.7,0.16,15,높음
A0출력,60,1.8,2.69,40,6.0,12.77,15,높음
일러스트사이트,1220,13.6,1.18,1220,27.0,2.4,15,높음
일러스트외주,230,8.7,3.87,360,20.4,5.99,15,높음
지도제작,490,23.1,4.81,410,41.3,10.45,15,높음
CAD자격증,2770,9.1,0.35,4200,49.8,1.24,15,높음
DWG,3940,11.8,0.31,2420,2.3,0.11,14,높음
전지출력,60,1.9,2.88,70,4.5,6.53,15,높음
도면인쇄,90,2.0,2.21,50,0.7,1.2,15,높음
전산응용건축제도기능사,7480,11.5,0.17,11700,42.0,0.38,15,높음
약도,2760,17.2,0.65,3150,28.7,0.96,10,중간
지도,647400,224.3,0.04,1019000,125.0,0.02,15,높음
일러스트그림,1310,7.5,0.6,4930,5.0,0.11,15,높음
오토캐드자격증,2600,5.3,0.22,3860,29.8,0.82,15,높음
반접제본,70,3.8,5.02,20,1.3,5.34,14,높음
목소리알바,100,2.8,2.68,510,37.6,7.86,14,높음
웹소설표지,230,9.0,4.16,470,32.3,7.61,8,중간
삽화제작,10,1.6,10.0,< 10,0.3,5.56,15,높음
일러스트작가,800,2.6,0.34,1270,0.3,0.03,15,높음
기발한아이디어상품,1150,13.1,1.18,1970,61.9,3.34,15,높음
도면출력,220,7.0,3.25,170,5.0,2.96,15,높음
캐드도면,2810,7.1,0.27,2990,55.0,1.94,15,높음
도면제작,150,1.0,0.7,80,2.7,3.18,15,높음
3D인테리어,1180,2.7,0.25,1220,21.7,1.97,15,높음
도면제본,140,4.1,2.75,40,3.8,9.17,15,높음
길드마크,540,1.6,0.31,260,0.7,0.27,10,중간
사진을그림으로,300,1.5,0.52,940,30.0,3.43,15,높음
일러스트프리랜서,40,2.7,6.51,80,4.0,5.13,15,높음
전기캐드,220,1.5,0.71,340,3.0,0.91,15,높음
디자인회사,1560,46.3,3.06,1410,31.3,2.3,15,높음
문서타이핑알바,500,13.3,2.79,2180,122.3,6.08,15,높음
도면스캔,40,2.3,5.19,20,1.0,3.71,15,높음
캐드자격증,3430,5.5,0.17,6090,52.0,0.9,15,높음
영어타이핑알바,20,1.0,3.83,40,2.3,5.31,7,중간
도면알바,130,2.7,2.03,150,1.3,0.92,15,높음
실내건축기능사,3610,10.3,0.3,8380,58.8,0.74,15,높음
실내건축산업기사,2790,6.1,0.23,5200,35.0,0.71,15,높음
타자알바,230,5.5,2.38,410,29.8,7.52,15,높음
약도제작,90,1.7,2.05,40,1.7,3.63,15,높음
일러스트판매,130,2.5,1.87,230,4.0,1.84,15,높음
아키캐드,660,1.8,0.28,250,0.3,0.15,10,중간
인테리어디자이너,2380,2.4,0.11,5720,34.4,0.64,15,높음
캐드존,20,2.2,9.38,10,0.3,2.86,3,높음
트레싱지출력,10,0.4,2.47,10,0.7,4.45,13,중간
CAD학원,290,3.9,1.44,500,18.3,3.76,15,높음
인테리어설계,360,2.9,0.82,540,11.4,2.18,15,높음
일러스트작업,180,3.6,2.03,180,9.0,5.12,15,높음
아이소,780,4.9,0.65,1410,9.7,0.72,15,높음
카페도면,240,1.2,0.53,160,0.0,0.0,15,높음
무료도면프로그램,110,0.9,0.81,20,0.0,0.0,8,중간
알루미늄다이캐스팅,430,6.6,1.54,310,2.0,0.67,15,높음
지도일러스트,220,0.9,0.4,140,0.0,0.0,15,높음
코딩알바,180,2.2,1.23,340,14.5,4.53,15,높음
일러스트업체,30,1.9,6.91,50,4.8,9.5,15,높음
레빗,2090,12.0,0.6,3260,100.5,3.27,15,높음
동화삽화,60,0.4,0.67,200,4.7,2.57,15,높음
스케치업알바,110,3.8,3.6,150,12.0,8.4,11,중간
제품도면,90,0.3,0.31,40,0.7,1.56,15,높음
메디컬일러스트,120,1.9,1.63,100,0.3,0.33,15,높음
삽화가,310,0.8,0.28,870,0.7,0.09,15,높음
도면프로그램,560,5.5,1.02,280,12.3,4.64,15,높음
캐드배우기,2180,8.7,0.41,4410,74.8,1.79,15,높음
그림제작,40,1.4,3.42,120,6.7,5.7,15,높음
무료3D프로그램,150,0.0,0.0,60,0.0,0.0,3,높음
캐드외주,20,0.3,1.48,20,0.3,1.39,12,중간
시마트론,230,2.8,1.23,130,0.3,0.26,9,중간
무료CAD,250,3.2,1.32,40,0.3,0.78,15,높음
수채화그림,200,2.5,1.26,1040,28.1,2.93,15,높음
대형프린트,100,1.3,1.31,200,11.7,6.34,15,높음
DWG파일,1660,5.1,0.32,460,0.3,0.08,14,높음
배치도,2170,0.5,0.03,1180,0.3,0.03,15,높음
3D도면,920,4.2,0.48,870,16.3,1.96,15,높음
컴퓨터그래픽스운용기능사,8910,6.1,0.08,12300,34.0,0.3,15,높음
그림외주,130,4.3,3.3,280,36.7,13.44,14,높음
건축도면,1620,3.1,0.2,1700,21.0,1.3,15,높음
기계설계산업기사,4420,10.6,0.25,6110,32.3,0.55,15,높음
전산응용토목제도기능사,1140,3.2,0.3,1340,8.0,0.63,15,높음
A3출력,240,3.7,1.54,350,23.7,7.18,15,높음
건축캐드,770,2.5,0.34,1630,27.3,1.77,15,높음
카티아학원,70,1.7,2.35,130,11.6,8.83,15,높음
CAD시스템,20,0.1,0.34,10,0.0,0.0,15,높음
NXUG,430,1.7,0.41,200,1.3,0.63,15,높음
도면복사,30,1.7,5.61,20,0.0,0.0,15,높음
일러스트그리기,460,2.1,0.49,1200,9.3,0.84,15,높음
싸인만들기,1260,24.8,2.01,3590,214.6,6.28,15,높음
포토샵부업,40,1.3,3.81,60,1.7,2.78,15,높음
CAD출력,60,0.1,0.2,20,0.0,0.0,15,높음
디자인판매,100,2.4,2.43,160,7.7,4.8,15,높음
인테리어3D,700,1.1,0.17,810,7.0,0.93,15,높음
인테리어도면,660,1.6,0.26,880,25.3,3.02,15,높음
그림의뢰,40,0.9,2.12,110,12.0,11.54,15,높음
귀여운그림,1140,0.8,0.08,3940,3.5,0.1,15,높음
그림그려주는곳,20,2.6,11.82,100,13.3,14.19,15,높음
CAD알바,80,1.6,2.0,110,2.0,1.86,15,높음
인벤터,5520,6.2,0.12,2320,18.1,0.83,15,높음
DWGTRUEVIEW,4300,25.6,0.61,240,0.0,0.0,9,중간
준공도면,250,0.2,0.09,110,0.0,0.0,14,높음
함체제작,40,3.5,7.23,10,1.0,8.34,15,높음
고무사출,110,1.6,1.46,110,2.3,2.15,15,높음
캐드인쇄,720,0.1,0.02,300,0.3,0.12,15,높음
음성녹음알바,130,3.8,2.93,1020,69.3,7.14,13,중간
설계프로그램,500,1.8,0.37,340,4.6,1.42,15,높음
가공업체,130,4.3,3.17,70,1.7,2.49,15,높음
캐드프리랜서,30,1.5,3.73,80,0.0,0.0,10,중간
대형복사,80,2.2,2.61,400,14.0,3.63,15,높음
QDM금형,150,3.7,2.55,70,0.0,0.0,15,높음
전산응용건축제도기능사실기,2490,3.7,0.16,2920,5.3,0.2,15,높음
그림주문제작,20,0.2,0.87,90,8.0,9.53,15,높음
캐드알바,250,4.6,1.87,420,18.3,4.68,15,높음
대안캐드,340,5.3,1.57,110,6.2,5.53,15,높음
CAD,9440,25.1,0.28,8890,43.5,0.52,15,높음
성우알바,30,0.9,2.27,160,16.0,11.07,14,높음
부산조감도,40,1.0,2.78,110,1.0,0.92,15,높음
조감도제작,330,3.0,0.94,120,3.3,3.01,15,높음
기계설계회사,30,1.1,2.97,40,0.0,0.0,15,높음
일러스터,440,0.3,0.07,600,2.3,0.4,15,높음
안내도제작,< 10,0.3,3.71,10,2.0,16.67,15,높음
3D프리랜서,30,1.7,4.91,10,0.3,2.39,15,높음
인테리어설계도면,10,0.2,1.21,10,0.0,0.0,15,높음
AUTOCADVIEWER,400,1.3,0.33,10,0.3,2.57,8,중간
A1도면출력,20,0.5,1.85,< 10,0.0,0.0,15,높음
일러스트삽화,30,0.7,1.89,30,1.0,2.86,15,높음
캐드,15500,41.6,0.28,20600,132.5,0.68,15,높음
출판사알바,40,0.6,1.18,100,1.0,0.97,13,중간
워드알바,70,2.5,3.25,180,9.3,5.25,15,높음
동화일러스트,260,2.5,0.99,620,11.3,1.88,15,높음
알루미늄케이스제작,90,3.9,4.21,100,7.1,7.15,15,높음
재택타이핑알바,270,3.7,1.45,910,12.8,1.49,15,높음
문서작성알바,840,16.8,2.07,3320,84.1,2.7,15,높음
반책제본,60,0.7,1.22,20,0.0,0.0,14,높음
일러스트로고,320,1.3,0.4,280,11.7,4.41,15,높음
삽화작가,40,1.5,3.09,80,1.0,1.24,15,높음
외함제작,30,1.8,5.32,10,2.3,17.95,15,높음
스케치업,29000,15.1,0.06,10800,57.8,0.57,15,높음
타이핑,2240,2.1,0.1,4390,2.7,0.07,15,높음
간이금형,90,1.4,1.53,30,0.0,0.0,15,높음
PDFDWG변환,700,4.2,0.6,70,0.0,0.0,7,중간
발명품,3380,4.7,0.15,9710,5.3,0.06,15,높음
제품케이스제작,10,0.9,6.23,< 10,1.4,17.86,15,높음
준공도서,330,0.9,0.29,170,1.3,0.8,15,높음
용기제작,90,4.7,5.15,100,10.7,10.16,15,높음
스케치업외주,20,1.5,5.29,40,2.7,6.84,11,중간
도면대행,30,1.1,3.24,30,1.6,4.32,15,높음
도면캐드,40,0.3,0.73,50,0.0,0.0,3,높음
웹디자인기능사,7010,8.8,0.14,8900,57.3,0.69,15,높음
인물일러스트,190,0.4,0.22,390,0.7,0.19,15,높음
ATC자격증,450,0.5,0.13,330,0.0,0.0,15,높음
조경설계,550,2.1,0.39,670,7.0,1.1,15,높음
관광지도제작,20,1.2,6.0,< 10,0.7,11.12,15,높음
원고작성,150,1.3,0.93,120,1.0,0.86,15,높음
영상편집학원,1550,27.5,1.85,2980,143.4,5.05,15,높음
개발,8990,1.5,0.02,13500,0.3,0.01,15,높음
레포트업체,< 10,0.0,0.0,< 10,0.3,8.34,9,중간
일러스트에이전시,20,0.4,2.25,20,0.3,1.76,14,높음
인벤터학원,30,1.2,3.34,30,0.3,0.93,15,높음
A5출력,40,2.0,5.13,30,0.8,2.15,15,높음
프로그래밍알바,30,0.3,0.77,50,1.7,3.41,15,높음
3D프린터설계제작,10,1.7,9.26,20,0.0,0.0,3,높음
종합안내도,20,0.1,0.38,10,0.0,0.0,13,중간
달력일러스트,110,0.1,0.12,130,0.3,0.21,15,높음
사진제작,70,0.5,0.66,210,9.7,4.81,15,높음
기계설계산업기사학원,60,1.9,3.28,110,8.3,7.87,15,높음
방열판제작,10,1.2,6.86,20,2.5,11.37,10,중간
설계알바,30,1.1,3.91,50,0.0,0.0,15,높음
일본어알바,70,1.6,2.12,180,8.0,4.47,15,높음
전자제품제작,10,0.4,2.5,10,0.3,2.78,15,높음
ABS가공,40,0.9,2.4,20,1.8,6.74,15,높음
기계제작업체,10,1.0,5.89,< 10,0.0,0.0,15,높음
기구개발,100,0.1,0.14,80,0.0,0.0,15,높음
CAD3D,180,0.3,0.15,60,0.0,0.0,15,높음
프리랜서작가,90,1.3,1.41,160,1.7,1.15,15,높음
삽화디자인,10,0.9,4.51,10,0.0,0.0,13,중간
국산캐드,110,3.5,3.23,40,3.0,7.15,14,높음
부산투시도,< 10,1.1,35.56,< 10,0.0,0.0,15,높음
대구조감도,20,0.9,3.15,90,0.3,0.39,14,높음
설계도,1360,2.0,0.16,1440,1.0,0.08,15,높음
캐드무료다운,230,8.3,3.79,30,0.0,0.0,4,낮음
개발대행,20,0.1,0.58,10,0.0,0.0,15,높음
전원주택평면도,430,9.1,2.17,730,26.0,3.9,15,높음
STP뷰어,880,7.8,0.9,70,0.3,0.47,12,중간
캔버스유화,100,1.1,1.08,550,15.0,2.9,15,높음
정보처리산업기사,10700,9.5,0.1,15900,4.3,0.03,15,높음
일러스트대행,< 10,0.8,10.0,20,2.7,12.13,15,높음
건축인테리어,340,2.1,0.63,970,16.3,1.78,15,높음
캐드강사,< 10,0.7,7.41,20,0.0,0.0,3,높음
CAD무료,90,0.1,0.16,10,0.0,0.0,14,높음
캐드도면그리기,140,0.9,0.63,70,0.0,0.0,10,중간
캐드도면제작,< 10,0.5,5.94,< 10,0.0,0.0,15,높음
인테리어모델링,90,0.8,0.82,60,0.0,0.0,15,높음
오토캐드과외,10,1.3,9.1,20,3.2,10.87,13,중간
오토캐드도면,520,0.3,0.07,230,0.0,0.0,15,높음
도면청사진,< 10,0.7,7.41,< 10,0.0,0.0,3,높음
설계도그리기,120,0.7,0.56,50,0.7,1.29,14,높음
건축설계학원,50,1.7,3.09,120,4.8,4.22,15,높음
도면그려주는곳,< 10,0.4,4.96,10,0.0,0.0,13,중간
CAD작업,20,0.4,1.5,10,0.3,3.71,14,높음
3D캐드도면,20,0.0,0.0,10,0.3,2.33,3,높음
AUTOCAD학생용,880,12.7,1.49,190,0.0,0.0,4,낮음
캐드교육,100,1.3,1.28,50,1.3,2.4,15,높음
피앤아이디,20,0.0,0.0,40,0.0,0.0,3,높음
화관법설치검사,40,0.2,0.53,10,0.0,0.0,8,중간
유틸리티배관,30,0.0,0.0,40,0.7,1.63,3,높음
유해화학물질취급시설,200,0.6,0.28,30,0.0,0.0,13,중간
PSM도면,< 10,0.0,0.0,< 10,0.0,0.0,3,높음
방폭계산,< 10,0.0,0.0,< 10,0.0,0.0,3,높음
PID도면,< 10,0.0,0.0,< 10,0.0,0.0,1,중간
PNID,320,0.4,0.12,340,0.0,0.0,3,높음
유해화학물질취급시설설치검사,90,0.0,0.0,40,0.0,0.0,3,높음
케드버전,10,0.0,0.0,< 10,0.0,0.0,1,중간
CADDWG,20,0.0,0.0,< 10,0.0,0.0,3,높음
캐드2007,30,0.0,0.0,10,0.0,0.0,3,높음
캐드도면프로그램,10,0.7,3.58,< 10,0.0,0.0,3,높음
캐드무료프로그램,20,2.4,9.73,< 10,0.4,5.89,3,높음
캐드버전,280,0.0,0.0,60,0.0,0.0,2,중간
캐드2002,10,0.0,0.0,< 10,0.0,0.0,3,높음
CAD2021,50,0.7,1.22,10,0.3,2.23,3,높음
CAD2018,50,0.2,0.37,10,0.0,0.0,5,중간
도면파일,110,0.5,0.49,180,0.3,0.15,15,높음
고케드,20,0.0,0.0,< 10,0.0,0.0,3,높음
DGNDWG,10,0.0,0.0,< 10,0.0,0.0,3,높음
DGN파일,130,0.0,0.0,20,0.0,0.0,3,높음
DGN파일변환,< 10,0.7,16.67,< 10,0.0,0.0,3,높음
DWGTAB,50,0.3,0.63,< 10,0.0,0.0,3,높음
DWG보는법,< 10,0.0,0.0,< 10,0.0,0.0,3,높음
DWG열기,20,0.3,1.24,< 10,0.0,0.0,3,높음
DWG읽기,< 10,0.0,0.0,< 10,0.0,0.0,1,중간
DXFDWG변환,50,1.3,2.73,< 10,0.0,0.0,3,높음
DXF변환,60,0.7,1.2,10,0.0,0.0,3,높음
DXF파일열기,80,3.7,4.57,10,0.3,2.78,3,높음
FREEWARE,90,1.0,1.15,40,0.0,0.0,1,중간
KCAD,20,2.0,10.0,20,0.0,0.0,1,중간
LISP,580,0.0,0.0,560,0.0,0.0,3,높음
ACIS,90,1.3,1.49,240,0.7,0.3,3,높음
CAD2010,20,0.0,0.0,< 10,0.0,0.0,3,높음
CAD2016,30,0.7,2.03,10,1.0,6.25,11,중간
캐드폰트,1610,3.7,0.24,140,0.0,0.0,7,중간
DWG파일읽기,< 10,0.7,11.12,< 10,0.0,0.0,3,높음
DWF,260,0.0,0.0,120,0.0,0.0,3,높음
설계도면,940,1.6,0.18,710,0.7,0.1,15,높음
DGN변환,10,0.7,6.07,< 10,0.7,33.34,3,높음
DWG파일여는법,20,0.0,0.0,10,0.0,0.0,3,높음
캐드무료,240,1.3,0.52,70,0.3,0.51,14,높음
캐드피아,10,0.3,2.39,10,0.0,0.0,3,높음
DWG컨버터,70,1.0,1.45,< 10,0.0,0.0,3,높음
DWG다운,20,1.0,5.36,< 10,0.0,0.0,3,높음
DWG파일다운로드,10,0.7,6.25,< 10,0.0,0.0,3,높음
DWG다운로드,20,2.4,8.14,< 10,0.0,0.0,3,높음
DWG파일을PDF,< 10,0.0,0.0,< 10,0.0,0.0,0,낮음
DWG파일보는방법,< 10,1.0,33.34,< 10,0.0,0.0,1,중간
DXF,700,0.7,0.1,430,0.0,0.0,3,높음
BATCHPLOT,10,0.0,0.0,< 10,0.0,0.0,3,높음
캐드글꼴,1110,1.0,0.1,200,0.0,0.0,3,높음
CAD다운,180,3.2,1.75,30,0.0,0.0,8,중간
PDF2DWG,10,0.3,1.76,< 10,0.0,0.0,3,높음
캐드체험판,270,4.0,1.51,20,0.0,0.0,9,중간
MICROSTATION,70,0.0,0.0,30,0.0,0.0,3,높음
CAD무료다운로드,10,1.4,9.76,< 10,0.0,0.0,3,높음
CAD무료다운,40,1.7,3.71,< 10,0.0,0.0,3,높음
캐드무료다운로드,40,2.3,4.97,< 10,0.0,0.0,3,높음
P&ID,1900,2.8,0.16,1190,0.0,0.0,4,낮음
CAD체험판,50,0.7,1.5,< 10,0.0,0.0,10,중간
DWG파일열기,150,0.3,0.22,50,0.0,0.0,3,높음
DWF파일,110,0.3,0.31,20,0.0,0.0,3,높음
MYCAD,50,2.4,4.38,20,0.7,3.13,3,높음
고캐드,1840,0.3,0.02,210,0.7,0.34,3,높음
MAGICCAD,30,3.6,10.11,< 10,0.0,0.0,3,높음
DWG파일보는법,10,0.3,1.76,< 10,0.0,0.0,3,높음
IDWGTAB,480,2.7,0.57,10,0.0,0.0,3,높음
한국CAD,< 10,0.0,0.0,< 10,0.0,0.0,3,높음
한국캐드,20,1.3,5.56,10,0.3,2.09,3,높음
SLRPROGRAM,10,0.0,0.0,< 10,0.0,0.0,3,높음
SLR,21300,23.2,0.12,59100,121.3,0.22,15,높음
오토캐드설치비용,< 10,0.0,0.0,< 10,0.0,0.0,3,높음
오토캐드2014설치방법,10,0.0,0.0,10,0.0,0.0,3,높음
캐드평가판,20,0.3,1.67,< 10,0.0,0.0,3,높음
캐드2008,20,0.2,0.76,10,0.0,0.0,10,중간
CAD다운로드,260,5.4,2.08,30,0.0,0.0,8,중간
ACAD2015,< 10,0.0,0.0,< 10,0.0,0.0,3,높음
한글CAD,< 10,0.3,6.67,< 10,0.0,0.0,3,높음
GOCAD,70,0.0,0.0,< 10,0.0,0.0,3,높음
CAD폰트,310,0.0,0.0,10,0.0,0.0,3,높음
CADPROGRAM,< 10,0.7,9.53,< 10,0.0,0.0,3,높음
한글오토캐드뷰어,10,0.7,6.67,< 10,0.0,0.0,3,높음
캐드2018,110,0.6,0.57,30,0.0,0.0,14,높음
대체CAD,< 10,0.2,20.0,< 10,0.0,0.0,10,중간
CAD대체,< 10,0.0,0.0,< 10,0.0,0.0,4,낮음
DWG파일출력,10,0.7,6.07,< 10,0.0,0.0,3,높음
ISODWG,20,0.0,0.0,< 10,0.0,0.0,3,높음
MCAD,50,0.3,0.59,60,0.0,0.0,3,높음
캐드해치,1380,0.0,0.0,310,0.0,0.0,3,높음
DWG변환프로그램,< 10,0.0,0.0,< 10,0.0,0.0,3,높음
배치플롯,50,0.0,0.0,< 10,0.0,0.0,3,높음
오토캐드용어,40,0.3,0.81,20,0.0,0.0,3,높음
캐드캠시스템,10,0.0,0.0,< 10,0.0,0.0,3,높음
캐드파일,710,1.6,0.23,360,0.0,0.0,15,높음
CAD2015,20,0.5,2.03,< 10,0.0,0.0,4,낮음
캐드2017,40,0.1,0.2,20,0.7,3.34,13,중간
FREEDWGVIEWER,110,0.0,0.0,10,0.0,0.0,3,높음
오토캐드폰트,1100,0.3,0.04,130,0.0,0.0,3,높음
DWFVIEWER,10,1.0,5.67,< 10,0.0,0.0,3,높음
캐드2007설치,< 10,0.0,0.0,< 10,0.0,0.0,3,높음
2D3D,120,0.0,0.0,210,0.0,0.0,3,높음
DXFVIEWER,30,0.4,1.14,< 10,0.0,0.0,3,높음
캐드리습,2310,0.0,0.0,340,0.0,0.0,3,높음
대안CAD,20,1.3,6.09,< 10,0.0,0.0,13,중간
DWF뷰어,70,0.0,0.0,< 10,0.0,0.0,3,높음
캐드2014,60,0.5,0.88,30,0.0,0.0,15,높음
DWG파일뷰어,100,0.7,0.69,< 10,0.0,0.0,3,높음
캐드대안,20,0.4,1.92,< 10,0.3,4.17,10,중간
DWF변환,10,1.0,10.0,< 10,0.0,0.0,3,높음
캐드2016,90,0.5,0.53,30,0.3,0.96,14,높음
한글캐드,30,0.6,1.84,20,0.6,3.23,11,중간
매직캐드,20,1.4,5.41,< 10,0.0,0.0,3,높음
ACAD뷰어,< 10,0.3,4.17,< 10,0.0,0.0,3,높음
캐디안소프트,< 10,0.0,0.0,< 10,0.0,0.0,3,높음
AUTOCAD대체,10,0.5,4.69,< 10,0.0,0.0,6,중간
캐드대체,30,0.2,0.48,20,0.0,0.0,13,중간
캐드2010,30,0.4,1.01,20,0.0,0.0,14,높음
응용프로그램,610,0.5,0.1,480,0.0,0.0,15,높음
AUTOCAD대안,< 10,0.5,11.54,< 10,0.0,0.0,7,중간
취급시설설치검사,20,0.7,3.18,< 10,0.0,0.0,3,높음
캐드2013,40,0.0,0.0,10,0.0,0.0,7,중간
AUTODESKSOFTWARE,< 10,0.0,0.0,< 10,0.0,0.0,1,중간
캐드대체프로그램,20,0.7,2.78,< 10,0.0,0.0,3,높음
오토캐드대체,60,0.9,1.62,30,1.3,5.34,14,높음
무료프로그램,230,0.7,0.31,40,0.0,0.0,13,중간
오토캐드무료뷰어,20,0.0,0.0,< 10,0.0,0.0,3,높음
오토캐드뷰어2018,10,0.3,3.34,< 10,0.0,0.0,3,높음
오토캐드뷰어다운,30,0.0,0.0,< 10,0.0,0.0,3,높음
오토캐드뷰어한글,40,0.0,0.0,< 10,0.0,0.0,2,중간
오토캐드뷰어무료다운,30,0.0,0.0,< 10,0.0,0.0,3,높음
오토캐드뷰어무료다운로드,40,0.6,1.38,< 10,0.0,0.0,3,낮음
AUTOCAD뷰어다운로드,20,0.0,0.0,< 10,0.0,0.0,2,중간
오토캐드한글뷰어,10,0.0,0.0,< 10,0.0,0.0,3,높음
울산3D,10,0.3,2.0,20,1.8,7.96,14,높음
마산캐드,10,1.6,12.5,20,1.3,7.02,6,중간
오토캐드대안,60,1.0,1.77,10,0.3,3.34,13,중간
.STP,170,1.8,1.03,10,0.0,0.0,8,중간
오토캐드글꼴,280,0.3,0.13,40,0.0,0.0,3,높음
엔지니어링,4130,4.5,0.12,4100,0.3,0.01,15,높음
오토플롯,10,0.0,0.0,< 10,0.0,0.0,3,높음
캐드2012,20,0.1,0.31,10,0.0,0.0,15,높음
오토캐드단축키,1820,2.8,0.16,660,0.0,0.0,10,중간
가전제품개발,< 10,0.3,8.34,10,0.0,0.0,3,높음
금속가공업체,40,2.4,5.86,20,0.3,1.29,15,높음
기구물설계,< 10,0.0,0.0,< 10,0.0,0.0,3,높음
기구설계비용,< 10,0.0,0.0,< 10,0.0,0.0,3,높음
기구설계프리랜서,10,0.7,6.07,10,0.3,2.23,3,높음
도면그리기,3010,4.0,0.14,2210,0.3,0.02,15,높음
2D도면작성,50,0.0,0.0,50,0.0,0.0,3,높음
3D도면설계,< 10,0.2,2.39,10,0.3,2.78,5,중간
3D도면의뢰,< 10,1.0,33.34,< 10,0.0,0.0,3,높음
3D모델링설계,< 10,0.0,0.0,< 10,0.0,0.0,3,높음
3D샘플제작,10,1.1,7.09,10,0.0,0.0,15,높음
3D설계도,20,0.0,0.0,20,0.0,0.0,3,높음
3D프린터부품,320,2.5,0.83,190,6.0,3.16,15,높음
3D프린터샘플제작,30,2.2,7.1,10,0.3,2.09,15,높음
3D프린터제품제작,< 10,0.1,1.67,< 10,0.0,0.0,15,높음
3D프린트제작,50,2.3,4.36,70,7.3,11.29,15,높음
3D형상모델링,20,0.0,0.0,40,0.0,0.0,3,높음
케이스가공,10,1.4,9.88,< 10,0.3,4.17,12,중간
케이스설계,< 10,0.0,0.0,< 10,0.3,33.34,3,높음
프로토타입제작,70,0.1,0.1,40,0.3,0.84,15,높음
플라스틱금형제작,20,1.0,4.56,10,0.0,0.0,15,높음
플라스틱샘플제작,< 10,0.3,4.77,< 10,0.0,0.0,3,높음
플라스틱설계,< 10,0.0,0.0,< 10,0.0,0.0,3,높음
플라스틱소량제작,< 10,0.3,8.34,< 10,0.0,0.0,3,높음
플라스틱시제품,10,0.6,6.0,< 10,0.0,0.0,15,높음
플라스틱주문제작,80,3.6,4.29,150,16.9,11.33,15,높음
플라스틱진공성형,100,8.0,7.48,110,10.7,10.07,15,높음
제품제작의뢰,10,0.3,4.17,10,0.0,0.0,3,높음
지그설계,110,0.6,0.52,70,0.0,0.0,15,높음
캐드도면의뢰,10,1.3,12.13,< 10,0.0,0.0,3,높음
캐드도면작업,< 10,0.0,0.0,< 10,0.3,4.77,3,높음
캐드제작,10,0.3,2.78,< 10,0.0,0.0,3,높음
완구제작,10,0.1,1.34,10,0.7,5.13,15,높음
외주설계,< 10,0.0,0.0,< 10,0.0,0.0,3,높음
의료기기제작,20,0.4,1.54,20,0.3,1.59,15,높음
인천3D프린팅,10,0.5,3.89,< 10,0.0,0.0,15,높음
전자제품설계,< 10,0.1,1.12,< 10,0.0,0.0,15,높음
제품개발업체,< 10,1.0,11.12,< 10,0.0,0.0,15,높음
제품개발회사,< 10,0.3,4.77,< 10,0.0,0.0,15,높음
시제작,50,0.0,0.0,20,0.0,0.0,14,높음
시제품만들기,10,0.2,2.02,< 10,0.0,0.0,15,높음
시제품목업,20,0.7,3.5,< 10,0.0,0.0,15,높음
시제품업체,< 10,0.2,5.0,< 10,0.0,0.0,15,높음
아이디어사업화,10,0.0,0.0,10,0.0,0.0,3,높음
알루미늄금형,80,2.1,2.49,70,3.0,4.17,15,높음
도면제작업체,< 10,0.1,1.91,< 10,0.0,0.0,15,높음
도면프리랜서,10,0.7,6.07,10,0.0,0.0,3,높음
모델링설계,< 10,0.0,0.0,< 10,0.0,0.0,3,높음
목업회사,< 10,0.0,0.0,10,0.3,2.28,15,높음
부천목업,< 10,0.0,0.0,< 10,0.0,0.0,14,높음
부품설계,20,0.0,0.0,10,0.0,0.0,3,높음
사출케이스,100,1.3,1.25,60,0.7,1.0,15,높음
샘플제작업체,< 10,1.0,11.12,< 10,0.0,0.0,15,높음
서스가공,30,0.7,1.91,40,0.0,0.0,15,높음
설계,5190,1.8,0.04,9170,0.7,0.01,15,높음
가공집,30,0.9,2.84,20,0.0,0.0,6,중간
오토캐드무료다운로드,80,0.8,0.9,10,0.0,0.0,5,중간
캐드뷰,330,1.9,0.59,20,0.0,0.0,7,중간
2D캐드,130,0.0,0.0,150,0.0,0.0,15,높음
STP파일,1250,3.3,0.27,230,0.0,0.0,11,중간
DWG변환기,< 10,0.0,0.0,< 10,0.0,0.0,1,중간
DWGJPG변환,40,1.0,3.45,< 10,0.0,0.0,1,중간
오토캐드대안캐드,< 10,0.0,0.0,< 10,0.0,0.0,3,높음
캐드도면인쇄,210,0.0,0.0,100,0.0,0.0,6,중간
주택도면,380,2.6,0.7,460,12.4,2.8,15,높음
FMS등록,70,0.4,0.59,20,0.0,0.0,2,중간
설계도서제출,< 10,0.0,0.0,< 10,0.0,0.0,0,낮음
AUTOCAD뷰어,840,4.0,0.49,20,0.0,0.0,14,높음
STEP뷰어,110,0.7,0.65,< 10,0.0,0.0,9,중간
오토케드뷰어,90,0.5,0.6,< 10,0.0,0.0,11,중간
DWG뷰어한글판,< 10,0.0,0.0,< 10,0.0,0.0,3,높음
DWGVIEW,70,0.0,0.0,< 10,0.0,0.0,3,높음
DWGTRUEVIEW2010,< 10,0.0,0.0,< 10,0.0,0.0,3,높음
TRUEVIEW다운로드,10,0.0,0.0,< 10,0.0,0.0,1,중간
모바일오토캐드뷰어,< 10,0.0,0.0,< 10,0.0,0.0,0,낮음
오토캐드뷰어한글판,10,0.3,1.76,< 10,0.0,0.0,3,높음
오토캐드WS,< 10,0.0,0.0,< 10,2.0,40.0,1,중간
오토캐드2018뷰어,< 10,1.3,66.67,< 10,0.0,0.0,2,중간
엠뷰,20,0.0,0.0,50,0.0,0.0,2,중간
애니뷰어,10,0.0,0.0,< 10,0.0,0.0,3,높음
한글캐드뷰어,< 10,0.0,0.0,< 10,0.0,0.0,3,높음
AUTOCADWS,< 10,0.0,0.0,< 10,0.0,0.0,2,중간
캐디안뷰,< 10,1.0,14.29,< 10,0.0,0.0,3,높음
AUTOCAD360,30,0.3,1.05,< 10,0.0,0.0,3,높음
대체캐드,40,0.5,1.15,< 10,0.7,7.41,15,높음
캐디안뷰어,60,4.4,7.58,< 10,0.0,0.0,5,중간
AUTOCAD뷰,30,1.0,3.45,< 10,0.0,0.0,3,높음
CADIANVIEWER,10,0.0,0.0,< 10,0.0,0.0,3,높음
알루미늄판가공,60,0.9,1.4,50,0.7,1.26,15,높음
건축설계,1810,11.3,0.65,1920,27.8,1.53,15,높음
제품설계프로그램,< 10,0.7,7.41,< 10,0.0,0.0,3,높음
제품설계,330,4.7,1.42,140,4.0,2.74,15,높음
CAD뷰,60,1.7,2.74,< 10,0.0,0.0,3,높음
기계설계대행,< 10,0.3,15.39,< 10,0.0,0.0,13,중간
오토캐드뷰어무료,30,1.7,4.63,< 10,0.0,0.0,3,높음
알루미늄박스제작,20,1.7,7.21,40,2.0,4.77,14,높음
오토캐드뷰,230,1.1,0.48,10,0.0,0.0,10,중간
설계아르바이트,< 10,0.2,2.5,10,0.0,0.0,10,중간
CADIANVIEW,< 10,0.7,9.53,< 10,0.0,0.0,3,높음
캐드라이트,< 10,0.0,0.0,< 10,0.0,0.0,3,높음
기발한발명품,170,0.1,0.09,340,0.0,0.0,15,높음
기구설계알바,10,0.3,3.04,< 10,0.0,0.0,3,높음
3DS뷰어,10,0.3,2.78,< 10,0.0,0.0,3,높음
DWGTRUEVIEW다운로드,110,0.0,0.0,< 10,0.0,0.0,3,높음
AUTOLISP,40,0.0,0.0,10,0.7,4.77,3,높음
오토캐드3D,990,1.3,0.14,550,5.0,0.94,15,높음
AUTOCAD단축키,220,0.0,0.0,30,0.0,0.0,3,높음
오토캐드명령어창,360,0.0,0.0,90,0.0,0.0,3,높음
DWG뷰어다운로드,80,1.3,1.54,< 10,0.0,0.0,9,중간
아이패드캐드,300,0.0,0.0,730,1.0,0.15,3,높음
모바일캐드뷰어,< 10,0.7,7.41,20,0.0,0.0,3,높음
오토캐드저작권,10,0.0,0.0,< 10,0.0,0.0,15,높음
무료CAD뷰어,30,0.3,1.12,< 10,0.0,0.0,3,높음
STP파일뷰어,220,0.9,0.41,10,0.0,0.0,10,중간
시작품제작,20,0.5,1.91,< 10,0.0,0.0,15,높음
TRUEVIEW,400,0.3,0.09,30,0.0,0.0,3,높음
오토캐드출력,180,0.0,0.0,70,0.0,0.0,3,높음
오토캐드명령어,3530,5.0,0.15,2110,0.3,0.02,15,높음
IGES뷰어,< 10,0.0,0.0,< 10,0.0,0.0,3,높음
설계프리랜서,20,0.7,2.43,20,0.0,0.0,11,중간
저가캐드,< 10,0.3,4.77,< 10,0.0,0.0,7,중간
제품제작업체,20,1.3,7.02,< 10,0.7,13.34,15,높음
3D샘플,10,0.7,5.13,< 10,0.0,0.0,3,높음
STEP파일,500,3.2,0.63,80,0.0,0.0,8,중간
STEP파일뷰어,150,2.3,1.47,10,0.0,0.0,7,중간
알루미늄목업,< 10,0.5,8.89,< 10,0.0,0.0,15,높음
오토데스크공문,10,0.0,0.0,< 10,0.0,0.0,15,높음
DYNTIM,10,0.3,3.04,< 10,0.0,0.0,3,높음
FLOVENT,10,0.0,0.0,20,0.0,0.0,3,높음
MENTOR,1350,0.2,0.02,3610,3.3,0.1,10,높음
NVH,1370,0.7,0.06,2040,0.8,0.04,15,높음
PARTICLE,3140,0.1,0.01,5430,0.7,0.02,10,중간
STAR-CCM,20,0.7,2.78,< 10,0.0,0.0,3,높음
T3STER,< 10,1.0,25.0,< 10,0.0,0.0,3,높음
TURBO,390,0.2,0.07,1250,2.7,0.23,13,중간
디지털방역,< 10,0.0,0.0,< 10,0.0,0.0,1,중간
열저항측정,< 10,0.0,0.0,< 10,0.0,0.0,3,높음
열전달해석,10,0.0,0.0,< 10,0.0,0.0,3,높음
오염,1700,0.3,0.03,3110,0.3,0.02,3,높음
오일처닝,< 10,0.0,0.0,< 10,0.0,0.0,3,높음
이물개선,< 10,0.0,0.0,< 10,0.0,0.0,3,높음
자동차전장,1090,0.0,0.0,2210,0.0,0.0,3,높음
전산모사,100,0.0,0.0,40,0.0,0.0,3,높음
전장,4190,0.0,0.0,6870,0.0,0.0,3,높음
조력발전,640,0.0,0.0,980,0.0,0.0,3,높음
터보기계,30,0.0,0.0,20,0.0,0.0,3,높음
3DS,1420,0.5,0.04,2260,2.0,0.1,15,높음
지그제작업체,20,1.9,8.12,< 10,0.0,0.0,15,높음
무료DWG뷰어,50,1.9,3.18,< 10,0.0,0.0,9,중간
AUTOCADVIEW,160,1.4,0.92,< 10,0.0,0.0,5,중간
캐드불법,30,0.0,0.0,30,0.0,0.0,11,중간
DWG뷰,10,0.3,2.57,< 10,0.0,0.0,3,높음
캐드불법사용,10,0.0,0.0,< 10,0.0,0.0,3,높음
스마트폰캐드,10,0.0,0.0,30,0.0,0.0,3,높음
전장부품,1220,2.1,0.18,1490,0.5,0.04,9,중간
무료오토캐드뷰어,30,2.4,6.95,< 10,0.0,0.0,4,낮음
IGS파일뷰어,10,0.0,0.0,< 10,0.0,0.0,3,높음
WRL파일,< 10,0.0,0.0,< 10,0.0,0.0,1,중간
3D제품설계,10,0.1,1.05,< 10,0.0,0.0,15,높음
CAD구매,20,0.2,0.79,10,0.0,0.0,13,중간
금형설계,680,4.0,0.6,740,10.3,1.45,15,높음
CADVIEW,250,2.4,0.99,20,0.0,0.0,7,중간
학생용CAD,30,0.0,0.0,< 10,0.0,0.0,3,높음
학생용캐드,200,0.0,0.0,80,0.0,0.0,2,중간
CAD플랫폼,< 10,0.0,0.0,< 10,0.0,0.0,3,높음
캐드강좌,70,0.3,0.37,30,0.3,0.99,15,높음
오토캐드연습도면,200,0.0,0.0,30,0.0,0.0,2,중간
주차장도면,100,0.7,0.73,40,0.0,0.0,3,높음
DWG뷰어프로그램,10,0.7,7.41,< 10,0.0,0.0,3,높음
캐드독학,270,0.9,0.33,460,0.0,0.0,15,높음
3D도면보기,< 10,0.0,0.0,< 10,0.0,0.0,2,중간
.STP뷰어,20,0.0,0.0,< 10,0.0,0.0,3,높음
확장자변환,260,0.9,2.95,30,0.0,0.0,1,중간
.SAT,< 10,0.7,8.34,< 10,0.0,0.0,3,높음
파일확장자변환,50,0.0,0.0,< 10,0.0,0.0,2,중간
파일컨버터,70,0.0,0.0,< 10,0.0,0.0,1,중간
캐드컨버터,290,0.0,0.0,20,0.0,0.0,3,높음
무료파일변환,120,0.9,5.89,10,0.0,0.0,1,중간
STEP파일열기,60,0.3,0.51,< 10,0.0,0.0,3,높음
SLDPRT파일,30,0.7,2.18,< 10,0.0,0.0,3,높음
PDFDXF변환,10,0.0,0.0,< 10,0.0,0.0,1,중간
오토캐드뷰어다운로드,200,0.3,0.17,< 10,0.0,0.0,6,중간
DWGVIEWER,220,0.3,0.15,< 10,0.0,0.0,12,중간
캐드대용,< 10,0.4,7.7,< 10,0.0,0.0,3,높음
DWGTRUEVIEW2014,300,0.0,0.0,< 10,0.0,0.0,3,높음
DWGTRUEVIEW2016,50,0.0,0.0,< 10,0.0,0.0,3,높음
캠프로그램,990,0.0,0.0,130,0.0,0.0,3,높음
DXF뷰어,150,1.1,0.69,< 10,0.0,0.0,8,중간
전기도면설계,70,1.5,2.15,60,0.4,0.71,4,낮음
DWGCONVERTER,60,0.0,0.0,< 10,0.0,0.0,3,높음
캐드내용증명,20,0.0,0.0,10,0.0,0.0,14,높음
기구설계외주,< 10,0.4,10.0,< 10,0.0,0.0,15,높음
CAD리습,220,0.0,0.0,10,0.0,0.0,3,높음
리습,800,0.3,0.05,250,0.0,0.0,3,높음
도어락제작,< 10,0.0,0.0,< 10,0.7,22.23,3,높음
사출금형제작,330,7.7,2.38,270,13.1,4.87,15,높음
제품설계도면,10,0.0,0.0,< 10,0.0,0.0,3,높음
DWGTRUEVIEW2018,120,0.0,0.0,< 10,0.0,0.0,3,높음
플라스틱시제품제작,< 10,0.1,2.23,10,0.0,0.0,15,높음
권영기법률사무소,20,0.7,3.18,10,0.0,0.0,3,높음
무료캐드뷰어,130,2.7,2.0,20,0.0,0.0,13,중간
DWG뷰어무료,50,1.0,1.82,10,0.0,0.0,3,높음
기계도면,290,0.9,0.3,180,0.3,0.19,15,높음
3DM파일,120,0.0,0.0,10,0.0,0.0,3,높음
ANSYSCFD,40,1.3,2.84,< 10,0.0,0.0,3,높음
PDF로변환,680,0.0,0.0,200,0.0,0.0,3,높음
PDF를CAD로변환,30,0.0,0.0,< 10,0.0,0.0,3,높음
PE가공,40,1.0,2.39,30,0.0,0.0,15,높음
타일가공,10,0.0,0.0,20,1.3,5.8,14,높음
베크라이트가공,30,1.3,4.05,< 10,1.0,11.12,14,높음
지그가공,10,1.0,5.56,10,0.0,0.0,3,높음
3DM,210,0.0,0.0,80,0.0,0.0,3,높음
AUTO캐드,120,0.0,0.0,20,1.0,4.35,3,높음
PDFCAD,130,0.0,0.0,30,0.0,0.0,3,높음
집설계도,280,2.1,0.82,1060,33.0,3.35,7,중간
파일형식변환,120,0.0,0.0,10,0.0,0.0,2,중간
오토캐드리습,1040,0.7,0.07,210,1.0,0.49,3,높음
DWG출력,30,0.0,0.0,< 10,0.0,0.0,3,높음
MCLICK,10,2.0,10.53,< 10,0.0,0.0,3,높음
딥드로잉,180,1.2,0.72,140,0.0,0.0,13,중간
CAD파일변환,20,0.3,1.34,< 10,0.0,0.0,3,높음
타일제작,60,3.7,6.02,110,11.3,10.9,15,높음
플라스틱목업,10,0.4,2.86,< 10,0.0,0.0,15,높음
RASTERDESIGN,10,0.0,0.0,< 10,0.0,0.0,3,높음
PKG파일,700,0.0,0.0,130,0.0,0.0,2,중간
도면출력프로그램,10,0.0,0.0,< 10,0.0,0.0,2,중간
도면프린터,10,0.1,0.78,20,1.0,4.0,13,중간
오토캐드내용증명,70,0.3,0.38,40,0.0,0.0,15,높음
오토캐드클래식,2730,0.0,0.0,410,0.0,0.0,3,높음
CAD뷰어,1510,7.8,0.53,70,0.0,0.0,15,높음
PDF를DWG로,30,0.0,0.0,< 10,0.0,0.0,3,높음
3D도면뷰,< 10,0.3,16.67,< 10,0.0,0.0,3,높음
3D도면2D변환,10,0.0,0.0,< 10,0.0,0.0,2,중간
X_T파일열기,10,0.3,2.23,< 10,0.0,0.0,3,높음
3DM뷰어,20,0.3,1.59,< 10,0.0,0.0,3,높음
CAD종류,110,0.0,0.0,30,0.0,0.0,3,높음
캐드도면PDF,180,0.0,0.0,80,0.0,0.0,3,높음
캐드무료설치,10,0.7,4.45,< 10,0.0,0.0,3,높음
캐드무료체험판,20,0.0,0.0,< 10,0.0,0.0,3,높음
캐드프로모션,10,0.7,6.07,< 10,0.0,0.0,3,높음
PDFDWG,290,0.0,0.0,20,0.0,0.0,3,높음
3DMODELING,110,0.3,0.25,30,0.3,0.93,15,높음
AUTODESKDWGTRUEVIEW,150,0.0,0.0,10,0.0,0.0,3,높음
캐드네트워크,< 10,0.0,0.0,< 10,0.0,0.0,3,높음
캐드파일용량줄이기,110,0.0,0.0,10,0.0,0.0,3,높음
도면뷰어,150,0.2,0.14,10,0.0,0.0,15,높음
캐드구입,30,0.8,2.03,10,0.0,0.0,14,높음
시제품제작의뢰,< 10,0.0,0.0,< 10,0.0,0.0,3,높음
목업샘플,60,0.5,0.72,20,0.0,0.0,15,높음
의료기기설계,30,0.3,0.84,20,0.3,1.15,15,높음
TURBOCAD,< 10,0.0,0.0,< 10,0.0,0.0,1,중간
UNIMECH,10,0.4,3.58,< 10,0.0,0.0,3,높음
UARCH,< 10,1.0,12.5,< 10,0.0,0.0,1,중간
DWGFASTVIEW,1750,5.6,0.34,450,0.3,0.08,11,중간
IPT파일,100,0.4,0.4,20,0.0,0.0,3,높음
변환프로그램,150,0.0,0.0,20,0.0,0.0,2,중간
AUTOCAD영구라이센스,10,0.0,0.0,< 10,0.0,0.0,3,높음
캐드공문,20,0.0,0.0,10,0.0,0.0,15,높음
오토캐드시험접수,10,0.0,0.0,< 10,0.0,0.0,3,높음
오토캐드드림설치,10,0.0,0.0,10,0.0,0.0,1,중간
무료캐드다운,10,0.3,2.44,< 10,0.0,0.0,3,높음
STEPVIEWER,40,0.0,0.0,< 10,0.0,0.0,3,높음
BIM물량산출,10,0.7,4.45,< 10,0.0,0.0,3,높음
IFC파일,50,0.0,0.0,20,0.0,0.0,3,높음
책그림,490,0.8,0.18,970,0.7,0.08,13,중간
티셔츠일러스트,40,0.2,0.36,30,0.0,0.0,12,중간
안내지도,20,0.1,0.24,20,1.0,3.58,14,높음
약도디자인,60,0.5,0.88,10,0.0,0.0,13,중간
공원안내도,20,0.7,3.11,10,0.0,0.0,11,중간
건설일러스트,< 10,0.0,0.0,< 10,0.0,0.0,3,높음
그림지도,180,1.3,0.71,350,1.7,0.49,15,높음
동화제작,20,0.2,0.78,40,0.0,0.0,15,높음
배경그림,290,1.0,0.35,330,0.3,0.09,15,높음
관광안내도,100,0.9,0.81,130,0.0,0.0,15,높음
가구모델링,10,0.0,0.0,10,0.0,0.0,3,높음
ㅋㅈㅊㅁㅇ,20,0.0,0.0,< 10,0.0,0.0,3,높음
무료3D캐드,30,0.3,1.05,10,0.0,0.0,3,높음
STL변환,30,0.0,0.0,< 10,0.3,3.71,3,높음
플라스틱사출업체,60,2.3,3.83,20,1.5,5.77,15,높음
3D모델링디자인,< 10,0.0,0.0,< 10,0.0,0.0,3,높음
플라스틱모형제작,< 10,0.0,0.0,20,0.7,2.9,15,높음
무료뷰어,100,0.0,0.0,< 10,0.0,0.0,3,높음
캐드무료뷰어,20,0.0,0.0,< 10,0.0,0.0,3,높음
UNICAD,10,0.0,0.0,< 10,0.0,0.0,2,중간
프로덕트뷰,< 10,0.0,0.0,< 10,0.0,0.0,3,높음
솔리드에지,10,0.0,0.0,< 10,0.0,0.0,1,중간
모두뷰어,< 10,0.3,11.12,< 10,0.0,0.0,3,높음
IPT파일뷰어,< 10,0.0,0.0,< 10,0.0,0.0,3,높음
MODVIEW가격,< 10,0.0,0.0,< 10,0.0,0.0,3,높음
STPPDF변환,< 10,0.3,5.56,< 10,0.0,0.0,3,높음
카티아버전,80,0.0,0.0,20,0.0,0.0,3,높음
PRODUCTVIEW,10,0.3,1.76,10,0.0,0.0,3,높음
ㅕㅎ,50,0.0,0.0,20,0.0,0.0,2,중간
.MOD,< 10,0.0,0.0,< 10,0.0,0.0,2,중간
3D뷰어무료,20,0.0,0.0,< 10,0.0,0.0,3,높음
CATPART파일,30,0.0,0.0,< 10,0.0,0.0,3,높음
캐드파일출력,60,0.0,0.0,30,0.3,1.12,3,높음
설계도면프로그램,20,0.0,0.0,30,0.0,0.0,8,중간
IGS파일,290,0.0,0.0,90,0.0,0.0,3,높음
OBJ파일변환,10,0.0,0.0,< 10,0.0,0.0,3,높음
DWG프로그램,10,0.3,2.39,< 10,0.0,0.0,3,높음
UCAD,< 10,2.0,100.0,< 10,0.0,0.0,1,중간
산업기계,200,3.3,1.62,160,5.3,3.56,15,높음
DWGTRUEVIEW한글판,10,0.3,2.18,< 10,0.0,0.0,3,높음
DWGTRUEVIEW다운,60,0.0,0.0,< 10,0.0,0.0,2,중간
캐드파일뷰,30,0.5,1.79,< 10,0.0,0.0,2,중간
캐드파일보기,70,0.0,0.0,< 10,0.0,0.0,1,중간
캐드파일PDF,940,0.0,0.0,310,0.0,0.0,3,높음
아이디어용품,90,1.4,1.46,190,2.3,1.19,15,높음
DWGSTP변환,< 10,0.0,0.0,< 10,0.0,0.0,2,중간
PDF캐드파일,20,0.0,0.0,< 10,0.0,0.0,3,높음
PDF파일CAD변환,90,0.0,0.0,20,0.0,0.0,3,높음
PDF파일을DWG로변환,< 10,0.0,0.0,< 10,0.0,0.0,3,높음
PDF파일캐드,70,0.0,0.0,20,0.0,0.0,3,높음
PRT파일변환,10,0.3,2.39,< 10,0.0,0.0,3,높음
XPR파일,20,0.0,0.0,< 10,0.0,0.0,3,높음
3DPDF파일,< 10,0.0,0.0,< 10,0.0,0.0,3,높음
CGR파일,40,0.0,0.0,< 10,0.0,0.0,3,높음
PDF를캐드로,40,0.0,0.0,< 10,0.0,0.0,3,높음
IGS파일변환,10,0.3,2.57,< 10,0.0,0.0,3,높음
IGS변환,< 10,0.0,0.0,< 10,0.0,0.0,3,높음
카티아변환,20,0.7,3.34,< 10,0.0,0.0,3,높음
PDF캐드변환,270,0.0,0.0,30,0.0,0.0,3,높음
X_T파일,180,0.4,0.21,10,0.0,0.0,5,중간
캐드2015,50,0.3,0.61,20,0.0,0.0,14,높음
A1사이즈출력,50,1.0,2.05,40,1.0,2.39,15,높음
캐드제본,< 10,0.0,0.0,< 10,0.0,0.0,3,높음
CATDRAWING뷰어,20,0.0,0.0,< 10,0.0,0.0,3,높음
오토데스크내용증명,10,0.0,0.0,< 10,0.0,0.0,15,높음
오토캐드메커니컬,< 10,0.0,0.0,< 10,0.0,0.0,3,높음
오토캐드2000,10,0.0,0.0,10,0.0,0.0,3,높음
오토캐드2014무료다운,10,1.0,12.5,< 10,0.0,0.0,1,중간
오토캐드2015무료다운,< 10,0.0,0.0,< 10,0.0,0.0,1,중간
오토캐드2016무료다운,10,0.0,0.0,< 10,0.0,0.0,1,중간
오토캐드2016무료다운로드,10,0.0,0.0,< 10,0.0,0.0,1,중간
오토캐드2017무료다운,10,1.0,25.0,< 10,0.0,0.0,1,중간
오토캐드2018무료다운,60,0.0,0.0,< 10,0.0,0.0,2,중간
오토캐드2013무료다운,< 10,0.0,0.0,< 10,0.0,0.0,1,중간
오토캐드2012무료다운,< 10,0.4,12.5,< 10,0.0,0.0,3,높음
오토캐드2010무료다운,10,0.0,0.0,< 10,0.0,0.0,1,중간
AUTOCAD무료다운,70,6.0,16.67,< 10,0.0,0.0,1,중간
무료오토캐드다운로드,< 10,0.0,0.0,< 10,0.0,0.0,2,중간
JT파일,40,0.0,0.0,< 10,0.0,0.0,3,높음
DWG변환,160,0.0,0.0,20,0.0,0.0,3,높음
오토캐드360,40,0.7,1.41,20,0.3,1.54,3,높음
DWGDXF변환,40,0.0,0.0,< 10,0.0,0.0,1,중간
PDFCAD변환,310,0.0,0.0,50,0.0,0.0,3,높음
STP파일변환,50,0.0,0.0,< 10,0.0,0.0,3,높음
PRT파일,110,0.8,0.74,10,0.0,0.0,5,중간
MS오피스단속,< 10,0.0,0.0,< 10,0.0,0.0,3,높음
UG뷰어,< 10,1.0,25.0,< 10,0.0,0.0,3,높음
캐드3D뷰어,< 10,0.0,0.0,< 10,0.3,11.12,3,높음
EDRAWINGVIEWER,10,3.0,20.0,< 10,0.0,0.0,1,중간
투영면적,110,0.0,0.0,80,0.0,0.0,3,높음
모델링뷰어,10,0.0,0.0,< 10,0.0,0.0,3,높음
NX파일,10,0.0,0.0,< 10,0.0,0.0,3,높음
PDF3D,60,0.0,0.0,10,0.0,0.0,3,높음
PRT,420,0.0,0.0,660,0.0,0.0,3,높음
SLDASM뷰어,< 10,0.3,6.67,< 10,0.0,0.0,3,높음
STP파일보기,10,0.0,0.0,< 10,0.0,0.0,3,높음
X_TVIEWER,< 10,0.0,0.0,< 10,0.0,0.0,3,높음
.ASM,10,0.0,0.0,< 10,0.0,0.0,3,높음
캐드뷰어프로그램,20,0.0,0.0,< 10,0.0,0.0,3,높음
3D어셈블리,< 10,0.0,0.0,< 10,0.0,0.0,3,높음
3D파일뷰어,70,0.7,0.97,< 10,0.0,0.0,3,높음
3D파일열기,10,0.0,0.0,< 10,0.0,0.0,3,높음
ADOBE3D,10,0.0,0.0,< 10,0.0,0.0,3,높음
CGR뷰어,< 10,0.0,0.0,< 10,0.0,0.0,3,높음
CREOVIEWER,10,0.7,5.13,< 10,0.0,0.0,3,높음
2D캐드프로그램,< 10,0.0,0.0,< 10,0.3,8.34,3,높음
3DPDF변환,20,0.0,0.0,< 10,0.0,0.0,3,높음
CATPART,100,0.3,0.33,10,0.0,0.0,6,중간
프로이뷰어,20,0.7,2.78,< 10,0.0,0.0,3,높음
3DVIEW,60,0.5,0.8,20,0.0,0.0,10,중간
3D뷰어프로그램,20,0.0,0.0,< 10,0.0,0.0,3,높음
X_T,150,0.0,0.0,20,0.0,0.0,3,높음
카티아파일,60,0.0,0.0,10,0.0,0.0,3,높음
AUTOCADELECTRICAL,70,0.0,0.0,10,0.0,0.0,3,높음
오토캐드2015,280,0.4,0.15,80,0.3,0.4,15,높음
동화그림,40,0.0,0.0,230,0.3,0.16,3,높음
INTELLICAD,10,0.0,0.0,< 10,0.0,0.0,3,높음
중국산캐드,10,0.0,0.0,< 10,0.0,0.0,1,중간
GW캐드,20,0.7,3.18,< 10,0.7,9.53,3,높음
카티아파일변환,10,0.0,0.0,< 10,0.0,0.0,3,높음
유니캐드,50,2.3,4.17,10,0.7,4.45,3,높음
의류패키지,30,0.7,2.11,30,3.0,8.11,14,높음
기구설계의뢰,< 10,0.0,0.0,< 10,0.0,0.0,2,중간
모델링업체,< 10,0.1,3.34,< 10,0.0,0.0,15,높음
시제품설계,< 10,0.3,3.71,10,0.3,2.09,15,높음
PRT파일뷰어,10,0.0,0.0,< 10,0.0,0.0,3,높음
불법소프트웨어검색프로그램,< 10,0.0,0.0,< 10,0.0,0.0,3,높음
DWG무료,10,0.0,0.0,< 10,0.0,0.0,3,높음
PRT뷰어,20,0.7,2.3,< 10,0.0,0.0,3,높음
CATPART뷰어,10,0.2,0.89,< 10,0.0,0.0,7,중간
캐드도면뷰어,80,0.0,0.0,< 10,0.0,0.0,3,높음
캐드파일뷰어,200,0.2,0.09,20,0.0,0.0,12,중간
CREO뷰어,20,0.0,0.0,< 10,0.0,0.0,3,높음
장외영향평가컨설팅,10,0.5,4.38,320,1.0,0.34,11,중간
AMAZONCLOUD,10,0.0,0.0,< 10,0.0,0.0,3,높음
기구설계용역,10,1.9,14.36,< 10,0.0,0.0,15,높음
모바일캐드,50,0.6,1.12,150,0.0,0.0,12,중간
드레프트사이트,10,1.0,9.1,< 10,0.0,0.0,3,높음
문앤파트너스,30,2.7,7.21,40,1.0,2.44,3,높음
무료목업,890,0.0,0.0,90,0.0,0.0,2,중간
식당메뉴얼,< 10,0.0,0.0,30,2.0,6.82,2,중간
3D도면뷰어,40,0.0,0.0,< 10,0.0,0.0,3,높음
PDF파일DWG로변환,20,0.7,3.04,< 10,0.0,0.0,3,높음
CATDRAWING,60,0.0,0.0,< 10,0.0,0.0,3,높음
3DPDF,260,1.4,0.56,40,0.3,0.86,7,중간
캐드웹뷰어,< 10,0.0,0.0,< 10,0.0,0.0,3,높음
CAD구입,< 10,0.1,1.7,< 10,0.0,0.0,12,중간
3DXML,80,0.0,0.0,20,0.0,0.0,3,높음
X_T뷰어,20,0.0,0.0,< 10,0.0,0.0,3,높음
CAD대행,< 10,0.2,8.11,< 10,0.0,0.0,12,중간
제작의뢰,60,0.3,0.53,50,0.0,0.0,15,높음
소프트힐스,30,1.0,25.0,20,0.0,0.0,1,중간
XT파일,40,0.7,1.59,< 10,0.0,0.0,3,높음
DWGPDF변환,3630,13.9,0.39,760,0.3,0.05,14,높음
ZW캐드LT,< 10,0.3,6.67,< 10,0.0,0.0,3,높음
설계캐드,20,0.0,0.0,40,0.0,0.0,3,높음
DWG를PDF로,< 10,0.7,7.41,< 10,0.0,0.0,3,높음
모드뷰가격,< 10,0.0,0.0,< 10,0.3,33.34,3,높음
캐드가격,150,1.1,0.7,190,2.0,1.07,15,높음
3DI,50,4.4,7.77,30,4.3,13.98,5,중간
가상인테리어,510,1.7,0.35,660,0.5,0.08,15,높음
주택설계도면,50,0.7,1.24,90,1.3,1.47,15,높음
평면도프로그램,110,0.3,0.3,40,0.3,0.84,3,높음
도면그리기프로그램,100,1.3,1.34,20,0.0,0.0,3,높음
STEP파일변환,30,0.7,1.91,< 10,0.0,0.0,3,높음
오토캐드감사,20,0.0,0.0,10,0.0,0.0,15,높음
캐드보기,40,0.0,0.0,< 10,0.3,4.77,3,높음
STEPFILE,50,0.4,0.76,10,0.0,0.0,2,중간
ROBOHELP,< 10,0.0,0.0,< 10,0.0,0.0,3,높음
3D웹뷰어,< 10,0.0,0.0,< 10,0.3,11.12,3,높음
VIZDESIGN,40,0.4,1.0,< 10,0.0,0.0,5,중간
중국CAD,< 10,0.0,0.0,< 10,0.0,0.0,3,높음
캐드리더,140,0.5,0.33,10,0.0,0.0,2,중간
파라솔리드,90,0.0,0.0,20,0.0,0.0,5,중간
캐드단속,40,0.0,0.0,60,0.0,0.0,14,높음
카티아뷰,20,0.7,3.34,< 10,0.0,0.0,3,높음
캐드영구버전,20,0.2,1.1,< 10,0.0,0.0,13,중간
크레오뷰,< 10,0.3,3.85,< 10,0.0,0.0,3,높음
ZWCAD프로모션,20,0.0,0.0,< 10,0.0,0.0,3,높음
GL2파일,< 10,0.0,0.0,< 10,0.0,0.0,2,중간
프리뷰어,130,0.0,0.0,290,0.5,0.19,2,낮음
인벤터뷰,20,0.0,0.0,< 10,0.0,0.0,1,중간
직선거리의측정,< 10,0.0,0.0,< 10,0.0,0.0,0,낮음
도면변환,10,0.7,5.13,< 10,0.0,0.0,3,높음
면적,8290,0.5,0.01,7720,0.0,0.0,2,중간
면적측정,70,0.9,1.26,80,0.0,0.0,13,중간
무료3DVIEWER,< 10,0.0,0.0,< 10,0.0,0.0,3,높음
뷰어프로그램,390,0.0,0.0,60,0.0,0.0,3,높음
카티아3D,20,0.0,0.0,10,0.0,0.0,3,높음
케드뷰어,< 10,0.3,4.17,< 10,0.0,0.0,3,높음
3D맥스뷰어,10,1.0,7.7,< 10,0.0,0.0,1,중간
3D캐드뷰,< 10,0.0,0.0,< 10,0.0,0.0,2,중간
CATIAV5R19,< 10,0.0,0.0,< 10,0.0,0.0,1,중간
DXFDWG,70,0.0,0.0,10,0.0,0.0,1,중간
기구물제작,< 10,0.1,1.34,< 10,0.0,0.0,15,높음
전자제품케이스,10,0.3,2.57,10,0.0,0.0,15,높음
전기CAD,70,0.3,0.41,60,0.0,0.0,14,높음
CAD도면출력,20,0.4,1.54,< 10,0.0,0.0,14,높음
야탑인쇄소,10,0.3,2.44,40,0.4,0.91,3,높음
설계외주,10,0.1,0.89,10,0.0,0.0,15,높음
일러스트주문,20,0.3,1.25,60,3.5,5.31,15,높음
기구제작,10,1.1,6.3,20,1.3,5.13,15,높음
플라스틱가공업체,30,1.5,4.74,30,0.3,1.12,15,높음
프라스틱가공,10,0.4,3.6,< 10,0.0,0.0,14,높음
플라스틱제품설계,10,0.3,2.23,20,0.3,1.52,15,높음
인테리어디자인,1510,8.2,0.56,2450,27.0,1.16,15,높음
책요약사이트,10,0.0,0.0,10,0.0,0.0,3,높음
CAD부업,< 10,0.0,0.0,< 10,0.0,0.0,2,중간
캐드도면업체,< 10,0.0,0.0,< 10,0.0,0.0,3,높음
캐리커쳐현수막,10,0.3,2.76,30,0.3,0.72,9,중간
캘리그라피인쇄,10,0.0,0.0,30,0.3,1.02,3,높음
특성화고자기소개서,10,0.0,0.0,20,0.7,2.78,13,중간
프로포즈동영상편집,< 10,0.3,5.56,< 10,0.3,4.17,3,높음
쇼핑몰이미지제작,< 10,0.1,1.67,< 10,0.0,0.0,15,높음
쇼핑몰페이지만들기,< 10,0.3,11.12,< 10,0.3,4.77,3,높음
수행평가대행,10,0.0,0.0,20,0.3,1.52,14,높음
스티커의뢰,< 10,0.3,8.34,10,1.0,12.5,3,높음
앱평점,< 10,1.0,33.34,10,0.0,0.0,3,높음
영상편집투잡,< 10,0.0,0.0,< 10,0.0,0.0,3,높음
일본어재능기부,10,0.4,3.71,< 10,0.0,0.0,3,높음
자동글쓰기,40,0.0,0.0,30,0.0,0.0,2,중간
재능기부봉사활동,40,0.3,0.82,30,0.0,0.0,3,높음
재능기부사례,10,0.0,0.0,10,0.0,0.0,3,높음
제작대행,20,0.3,1.45,10,0.0,0.0,3,높음
제작업체,90,0.6,0.64,50,0.3,0.66,15,높음
제작외주,10,3.3,33.34,< 10,0.0,0.0,3,높음
즉석명함,410,13.1,3.24,540,29.3,5.67,15,높음
게임디자인,190,0.5,0.29,200,2.1,1.07,15,높음
교육재능기부,20,0.7,2.47,20,0.0,0.0,3,높음
그래픽알바,< 10,0.0,0.0,10,1.0,10.0,3,높음
기사작성알바,< 10,0.5,11.77,< 10,0.0,0.0,4,낮음
꽃집이름,170,2.8,1.7,920,35.3,3.99,14,높음
초상화유화,< 10,0.7,9.53,10,0.0,0.0,3,높음
독특한홈페이지,10,0.5,4.11,< 10,0.0,0.0,15,높음
마켓팅,1050,2.0,0.2,2010,1.3,0.07,15,높음
만드는법,40,0.0,0.0,90,0.3,0.4,3,높음
모델링소스,20,0.3,1.97,10,0.0,0.0,3,높음
미술재능기부,< 10,0.0,0.0,30,0.7,2.16,3,높음
바이럴마케팅알바,10,0.1,0.4,60,0.0,0.0,15,높음
사무보조,700,1.1,0.16,1410,0.7,0.05,15,높음
사진을동영상으로,260,1.1,0.46,890,0.7,0.08,15,높음
산업디자인업체,10,0.3,2.57,< 10,0.0,0.0,15,높음
SPSS대행,< 10,0.5,9.1,< 10,0.0,0.0,9,중간
건물이름짓기,50,0.7,1.47,150,0.3,0.24,15,높음
더빙,1700,2.3,0.15,2390,4.0,0.18,15,높음
아이디어개발,40,1.2,2.56,30,0.0,0.0,15,높음
사진그리기,30,0.0,0.0,250,1.7,0.7,3,높음
모델링외주,20,0.1,0.61,20,1.0,3.58,15,높음
제품개발설계,60,1.6,2.76,60,2.6,4.0,15,높음
제품모델링,40,0.9,1.91,30,0.0,0.0,15,높음
도면의뢰,20,0.7,3.18,20,1.7,6.95,15,높음
모델링알바,20,0.4,2.03,20,0.0,0.0,15,높음
도면업체,10,0.3,3.04,10,2.0,18.19,15,높음
로고구매,< 10,0.7,7.47,10,0.7,6.67,15,높음
아이디어제품개발,< 10,0.0,0.0,< 10,0.0,0.0,15,높음
삽화일러스트,20,0.1,0.56,20,0.3,1.15,15,높음
기념일편지,180,0.2,0.12,830,19.0,2.42,15,높음
도면설계,120,0.3,0.21,120,0.0,0.0,15,높음
외주업체,440,1.6,0.38,430,4.0,0.99,15,높음
아이디어상품개발,10,0.6,3.34,20,0.0,0.0,15,높음
제품용기,30,1.2,3.97,20,0.7,3.51,10,중간
한의원도면,30,0.0,0.0,20,0.0,0.0,3,높음
상호짓기,150,1.5,1.0,490,20.0,4.29,15,높음
도면아르바이트,10,0.1,0.79,10,0.0,0.0,12,중간
시제품디자인,< 10,0.6,7.63,< 10,0.0,0.0,15,높음
사무실도면,150,0.4,0.24,70,0.0,0.0,14,높음
3D모델링회사,10,0.6,3.53,10,0.0,0.0,15,높음
디자인기구설계,< 10,0.7,33.34,< 10,0.0,0.0,3,높음
칼럼사이트,120,0.0,0.0,60,0.0,0.0,3,높음
사용자평가,< 10,0.0,0.0,< 10,0.0,0.0,3,높음
캐드대행,20,0.5,2.68,10,2.0,14.29,15,높음
캐드의뢰,< 10,0.0,0.0,10,1.0,6.25,15,높음
애니메이션제작의뢰,< 10,1.0,16.67,< 10,0.3,11.12,3,높음
언론보도송출,< 10,0.5,5.93,< 10,0.0,0.0,15,높음
역설계비용,10,0.3,2.78,< 10,0.7,7.41,3,높음
인천재능기부,< 10,0.0,0.0,20,0.7,6.67,2,중간
성우의뢰,< 10,0.8,12.5,10,1.0,9.1,5,중간
기계가공업체,10,0.2,1.34,10,1.0,9.1,15,높음
기계설계외주,< 10,0.4,40.0,< 10,0.7,11.12,10,중간
기계설계프리랜서,30,0.9,2.86,30,0.0,0.0,8,중간
리모콘제작,< 10,0.3,5.56,10,0.0,0.0,3,높음
방열판가공,< 10,0.0,0.0,< 10,0.0,0.0,0,낮음
금속제조,20,0.1,0.52,20,2.7,11.6,15,높음
광주금속가공,< 10,0.0,0.0,10,0.0,0.0,3,높음
광주3D프린터,40,0.3,0.82,70,1.3,2.03,15,높음
강동테크,20,4.8,20.0,20,0.6,2.18,2,중간
QDM업체,< 10,0.3,8.34,< 10,0.0,0.0,3,높음
3차원측정의뢰,< 10,0.4,5.0,< 10,0.0,0.0,8,중간
3D프린터제품,40,0.4,0.91,50,1.0,1.76,15,높음
회로설계업체,< 10,1.7,27.78,< 10,0.0,0.0,3,높음
플라스틱제품제조,10,0.4,2.23,30,0.0,0.0,15,높음
프라스틱기어,10,1.9,12.5,10,1.0,5.89,11,중간
전기차충전기제조,60,1.3,2.23,60,0.3,0.54,3,높음
전기차충전기제작,10,0.0,0.0,20,0.0,0.0,3,높음
오링조립기,< 10,0.0,0.0,< 10,0.0,0.0,3,높음
의료기기개발,40,0.1,0.17,30,0.0,0.0,15,높음
의료기기사출,< 10,2.0,22.23,< 10,0.0,0.0,3,높음
시금형제작,10,1.0,6.25,< 10,0.0,0.0,3,높음
스틸가공,30,1.5,4.3,30,2.7,7.85,15,높음
삽화그리기,10,0.5,3.1,60,1.7,2.57,13,중간
번역가모집,10,0.2,1.89,10,0.0,0.0,9,중간
안전보건개선계획,90,0.0,0.0,90,0.0,0.0,3,높음
건축프리랜서,30,0.7,1.97,30,0.0,0.0,3,높음
재능기부종류,80,0.0,0.0,210,0.0,0.0,3,높음
전자제품개발,10,0.7,5.24,10,0.3,2.23,15,높음
기구설계업체,10,0.5,4.11,< 10,0.0,0.0,15,높음
3D도면작업,< 10,0.1,0.81,10,0.7,4.77,14,높음
기계설계자격증,100,0.0,0.0,90,0.0,0.0,15,높음
캐드도면대행,< 10,0.3,3.34,< 10,0.0,0.0,15,높음
아세탈가공,70,3.9,5.38,30,2.5,7.15,15,높음
이벤트동영상만들기,< 10,0.1,1.25,10,0.0,0.0,13,중간
3DMAX외주,< 10,0.7,13.34,< 10,0.0,0.0,3,높음
까페만들기,30,0.6,1.71,40,1.0,2.5,14,높음
네일아트명함,20,0.3,1.39,90,0.3,0.39,15,높음
로고프리랜서,< 10,0.4,5.56,< 10,0.0,0.0,11,중간
바이럴마케팅프로그램,< 10,0.0,0.0,< 10,0.0,0.0,3,높음
서브스크립션,470,0.3,0.08,440,0.0,0.0,15,높음
스케치업의뢰,10,0.3,2.78,10,0.0,0.0,3,높음
앱설치,280,1.0,0.38,890,11.0,1.33,15,높음
어플제작자,< 10,0.0,0.0,< 10,0.0,0.0,3,높음
여권사진포토샵,50,0.0,0.0,170,0.3,0.21,3,높음
안내도,250,0.7,0.31,360,0.5,0.15,15,높음
자바과제대행,< 10,0.0,0.0,< 10,0.0,0.0,3,높음
소설알바,< 10,0.0,0.0,10,1.2,7.7,2,중간
오브제제작,20,2.0,7.7,30,0.7,2.5,3,높음
설계도면제작,< 10,0.0,0.0,< 10,0.0,0.0,3,높음
미용실이름추천,40,0.3,0.67,300,0.0,0.0,15,높음
어플개발외주,10,0.3,2.5,< 10,0.0,0.0,4,낮음
프로포즈영상편집,10,0.0,0.0,10,0.0,0.0,3,높음
제품기획,140,0.2,0.15,80,1.0,1.27,15,높음
제품목업,40,0.9,2.18,10,0.0,0.0,15,높음
공기청정기개발,10,0.7,6.67,< 10,0.0,0.0,3,높음
수전디자인,< 10,0.3,3.71,10,0.0,0.0,3,높음
A0출력가격,< 10,0.3,11.12,< 10,0.3,5.56,3,높음
판넬액자제작,< 10,0.0,0.0,20,1.0,5.0,3,높음
보드판넬,30,0.6,1.67,60,1.0,1.54,12,중간
성남시현수막,20,0.3,1.22,< 10,0.0,0.0,15,높음
상황실현황판,< 10,0.0,0.0,< 10,0.0,0.0,3,높음
무늬목액자,< 10,0.0,0.0,< 10,0.0,0.0,3,높음
미니현황판,< 10,0.0,0.0,< 10,0.0,0.0,1,중간
모션그래픽영상제작,40,2.2,5.5,10,2.0,16.67,15,높음
스케치업업체,< 10,0.9,14.45,< 10,0.0,0.0,15,높음
3D도면제작,40,1.3,3.02,20,2.3,8.65,15,높음
그림거래,30,0.9,2.74,70,6.3,9.6,15,높음
디자이너재택근무,< 10,0.0,0.0,10,0.7,5.13,3,높음
A0스캔,20,1.0,4.8,10,0.0,0.0,7,중간
동영상제작대행,< 10,0.1,2.23,< 10,0.0,0.0,15,높음
일어번역알바,20,0.8,3.34,30,6.0,17.76,15,높음
사진배경수정,< 10,0.0,0.0,10,0.0,0.0,1,중간
